id	n_chains	n_residues	tier
7fwa	1	134	t0_smoke
8ara	4	355	t0_smoke
8b6u	1	481	t0_smoke
8bi7	2	241	t0_smoke
8bi9	4	88	t0_smoke
8dv5	2	454	t0_smoke
8dwi	1	424	t0_smoke
8e77	1	358	t0_smoke
8ek9	1	266	t0_smoke
8fjm	2	490	t0_smoke
8fmj	1	170	t0_smoke
8g1z	1	357	t0_smoke
8ga2	4	463	t0_smoke
8ho2	2	313	t0_smoke
8pud	3	339	t0_smoke
8q9j	6	438	t0_smoke
8qbc	1	155	t0_smoke
8tix	1	210	t0_smoke
8w4o	3	497	t0_smoke
8wsm	1	472	t0_smoke
7fm2	2	537	t1_quick
7fpm	1	158	t1_quick
7fr8	2	336	t1_quick
7fug	2	681	t1_quick
7fuu	1	121	t1_quick
7gej	1	304	t1_quick
7geo	1	304	t1_quick
7gh6	1	304	t1_quick
7gmj	2	602	t1_quick
7gp3	2	362	t1_quick
7gpl	2	362	t1_quick
7grw	2	602	t1_quick
7gtc	1	284	t1_quick
7yl2	1	133	t1_quick
7ylf	1	142	t1_quick
7yog	1	309	t1_quick
7yr6	4	220	t1_quick
7ysm	2	622	t1_quick
8abv	1	244	t1_quick
8ae7	1	327	t1_quick
8afz	3	777	t1_quick
8ali	1	329	t1_quick
8as2	4	786	t1_quick
8b0e	1	440	t1_quick
8b2d	2	892	t1_quick
8bf2	2	520	t1_quick
8bhz	1	204	t1_quick
8bo7	1	236	t1_quick
8byh	2	480	t1_quick
8c1b	3	807	t1_quick
8cbv	4	388	t1_quick
8ci3	2	258	t1_quick
8cl6	1	129	t1_quick
8cnt	1	620	t1_quick
8cqg	1	447	t1_quick
8djt	1	250	t1_quick
8dky	2	288	t1_quick
8drs	3	910	t1_quick
8dtj	2	940	t1_quick
8dtn	8	563	t1_quick
8dym	1	29	t1_quick
8e01	1	201	t1_quick
8ejy	1	305	t1_quick
8eqi	4	712	t1_quick
8eye	1	889	t1_quick
8ez8	3	621	t1_quick
8f23	1	366	t1_quick
8f3k	1	115	t1_quick
8fa3	1	120	t1_quick
8fhu	6	751	t1_quick
8fmj	1	170	t1_quick
8fxf	4	312	t1_quick
8gck	4	266	t1_quick
8ggt	1	281	t1_quick
8gjt	1	335	t1_quick
8gkh	1	600	t1_quick
8gv4	4	880	t1_quick
8h02	1	79	t1_quick
8h8w	1	129	t1_quick
8hhl	1	592	t1_quick
8hi6	1	534	t1_quick
8hi7	2	564	t1_quick
8hnr	1	166	t1_quick
8hv5	1	306	t1_quick
8hz7	1	382	t1_quick
8i1a	2	309	t1_quick
8i2q	1	478	t1_quick
8i2z	1	254	t1_quick
8i8g	3	566	t1_quick
8iee	4	676	t1_quick
8iwp	1	896	t1_quick
8j6f	4	496	t1_quick
8jaf	4	545	t1_quick
8k2w	2	386	t1_quick
8ooy	1	604	t1_quick
8p7l	2	315	t1_quick
8pbp	1	361	t1_quick
8pkf	6	552	t1_quick
8poc	4	616	t1_quick
8q8l	6	447	t1_quick
8r1v	2	822	t1_quick
8raf	1	281	t1_quick
8sab	2	785	t1_quick
8sed	1	37	t1_quick
8skp	1	230	t1_quick
8sqo	1	158	t1_quick
8stx	2	739	t1_quick
8swy	3	724	t1_quick
8tgm	2	768	t1_quick
8th6	8	602	t1_quick
8tor	2	603	t1_quick
8u90	1	296	t1_quick
8udt	3	853	t1_quick
8ufo	2	540	t1_quick
8um3	1	435	t1_quick
8uop	2	872	t1_quick
8uoy	2	872	t1_quick
8wqm	1	383	t1_quick
8xbd	2	776	t1_quick
8xcs	1	418	t1_quick
5sss	1	158	t2_full
7fly	2	537	t2_full
7fmf	2	537	t2_full
7fmt	2	537	t2_full
7fpc	2	537	t2_full
7fpp	1	158	t2_full
7fpw	1	158	t2_full
7fq4	1	158	t2_full
7fuc	1	351	t2_full
7ful	1	354	t2_full
7fuu	1	121	t2_full
7fux	1	121	t2_full
7fvv	1	134	t2_full
7fwl	1	135	t2_full
7fwm	1	135	t2_full
7fwv	1	130	t2_full
7fxs	1	130	t2_full
7fz1	1	135	t2_full
7g0a	1	134	t2_full
7g0v	1	134	t2_full
7g10	1	134	t2_full
7g1b	1	133	t2_full
7g1m	1	130	t2_full
7g1o	1	135	t2_full
7g9v	1	435	t2_full
7g9z	1	435	t2_full
7gax	1	304	t2_full
7gbm	1	304	t2_full
7gdi	1	304	t2_full
7ge7	1	304	t2_full
7geg	1	304	t2_full
7gev	1	304	t2_full
7gg9	1	304	t2_full
7ggp	1	304	t2_full
7gh6	1	304	t2_full
7gja	2	605	t2_full
7gm0	2	604	t2_full
7gmv	2	601	t2_full
7gmy	2	592	t2_full
7gnx	2	363	t2_full
7gon	2	362	t2_full
7gp7	2	362	t2_full
7gpi	2	362	t2_full
7gpw	2	361	t2_full
7gsy	1	284	t2_full
7gtc	1	284	t2_full
7gth	1	284	t2_full
7gty	1	284	t2_full
7ydw	4	377	t2_full
7yl2	1	133	t2_full
7yq0	2	346	t2_full
7ysa	2	621	t2_full
7yu0	2	662	t2_full
7yub	4	997	t2_full
7yvz	1	63	t2_full
8acc	1	231	t2_full
8aco	1	334	t2_full
8acz	1	87	t2_full
8ade	7	644	t2_full
8ae7	1	327	t2_full
8aia	12	1419	t2_full
8aoi	1	345	t2_full
8ap5	1	63	t2_full
8apu	1	248	t2_full
8aqe	2	240	t2_full
8aqg	1	313	t2_full
8aqy	4	491	t2_full
8aqz	2	240	t2_full
8as7	1	1575	t2_full
8at2	4	1404	t2_full
8ate	1	502	t2_full
8avn	2	404	t2_full
8axz	1	379	t2_full
8ay6	2	504	t2_full
8ayt	1	248	t2_full
8b1h	3	580	t2_full
8b2j	2	358	t2_full
8b3n	1	316	t2_full
8b4w	1	472	t2_full
8b5j	1	113	t2_full
8b6x	1	25	t2_full
8b80	2	948	t2_full
8b82	4	233	t2_full
8bbs	2	632	t2_full
8bgm	4	1212	t2_full
8bgp	6	1600	t2_full
8bhg	5	1675	t2_full
8bjj	3	861	t2_full
8bjs	1	343	t2_full
8bqt	1	129	t2_full
8br6	2	562	t2_full
8brx	1	544	t2_full
8bth	1	356	t2_full
8btx	1	158	t2_full
8bwb	1	55	t2_full
8bxf	5	1630	t2_full
8bxw	1	123	t2_full
8by3	4	632	t2_full
8c1k	1	262	t2_full
8c51	2	896	t2_full
8c6a	1	500	t2_full
8c9z	1	90	t2_full
8cdx	2	514	t2_full
8cfg	4	1847	t2_full
8cfh	4	1846	t2_full
8cfo	4	1846	t2_full
8cg2	2	922	t2_full
8cg9	1	331	t2_full
8chh	1	62	t2_full
8chu	2	283	t2_full
8ci1	10	1660	t2_full
8cjm	1	279	t2_full
8cl7	1	265	t2_full
8cm2	1	460	t2_full
8cm8	2	296	t2_full
8cmd	9	1162	t2_full
8cnr	1	548	t2_full
8cpc	1	129	t2_full
8cqz	2	401	t2_full
8crk	1	117	t2_full
8dlf	4	631	t2_full
8dnk	1	169	t2_full
8dnq	4	258	t2_full
8dnr	3	1314	t2_full
8don	1	262	t2_full
8dud	1	225	t2_full
8dwi	1	424	t2_full
8dwl	4	641	t2_full
8dy8	2	432	t2_full
8e1w	1	234	t2_full
8e4y	1	651	t2_full
8e8c	1	425	t2_full
8e9n	2	798	t2_full
8ebh	1	91	t2_full
8eep	1	221	t2_full
8efm	2	347	t2_full
8efn	2	350	t2_full
8eim	2	873	t2_full
8eit	5	1123	t2_full
8emi	3	384	t2_full
8ene	4	1972	t2_full
8ent	11	1888	t2_full
8evx	2	626	t2_full
8ewd	1	431	t2_full
8ewp	1	452	t2_full
8exr	3	590	t2_full
8ez6	2	130	t2_full
8f0m	4	513	t2_full
8f1u	9	1212	t2_full
8f3t	1	640	t2_full
8f3v	1	640	t2_full
8f72	2	1188	t2_full
8fac	1	1377	t2_full
8feh	1	268	t2_full
8fen	1	326	t2_full
8ff0	1	265	t2_full
8fg4	1	166	t2_full
8flk	4	1276	t2_full
8ft5	1	507	t2_full
8fyq	1	279	t2_full
8g1i	1	1298	t2_full
8g1p	8	905	t2_full
8g20	2	712	t2_full
8g2f	1	303	t2_full
8g5x	4	1304	t2_full
8gd0	1	340	t2_full
8ge7	4	895	t2_full
8gg6	4	904	t2_full
8gok	1	273	t2_full
8gqb	1	437	t2_full
8gxf	4	748	t2_full
8gxk	4	747	t2_full
8gxo	2	434	t2_full
8gyj	2	850	t2_full
8h0p	6	1137	t2_full
8h1k	1	421	t2_full
8h28	2	258	t2_full
8h2f	1	172	t2_full
8h3w	1	129	t2_full
8h72	2	645	t2_full
8h73	1	222	t2_full
8h8a	2	1039	t2_full
8h8b	1	1027	t2_full
8haf	6	1167	t2_full
8hav	2	798	t2_full
8hfw	3	846	t2_full
8hlk	1	910	t2_full
8hps	5	1722	t2_full
8hsc	7	1345	t2_full
8ht4	2	779	t2_full
8hv4	1	304	t2_full
8hw2	1	1375	t2_full
8hxh	1	381	t2_full
8hzt	2	160	t2_full
8i2c	2	658	t2_full
8i4s	1	300	t2_full
8i5a	2	1464	t2_full
8i6r	4	1011	t2_full
8i8n	6	965	t2_full
8i90	2	878	t2_full
8i9l	6	1183	t2_full
8ibu	5	1127	t2_full
8iby	1	793	t2_full
8ig6	2	604	t2_full
8igf	1	257	t2_full
8iii	1	205	t2_full
8ing	1	594	t2_full
8iok	1	379	t2_full
8ipk	1	311	t2_full
8iw0	4	324	t2_full
8izd	4	894	t2_full
8j0j	3	1131	t2_full
8j5w	1	298	t2_full
8j8h	2	738	t2_full
8j9v	2	1556	t2_full
8jdd	1	456	t2_full
8jej	3	1089	t2_full
8jfs	2	174	t2_full
8jku	2	566	t2_full
8jpb	4	1279	t2_full
8jqk	2	677	t2_full
8jvh	1	1205	t2_full
8jyb	2	382	t2_full
8k3w	2	1388	t2_full
8kgz	2	464	t2_full
8of5	1	265	t2_full
8og1	1	714	t2_full
8oij	4	350	t2_full
8oji	1	138	t2_full
8ojk	1	138	t2_full
8ok6	2	736	t2_full
8onn	5	1371	t2_full
8oqf	1	124	t2_full
8ots	11	985	t2_full
8owk	10	400	t2_full
8oyw	1	178	t2_full
8p04	1	321	t2_full
8pb9	5	1552	t2_full
8pbp	1	361	t2_full
8ph5	1	129	t2_full
8pho	1	317	t2_full
8pk3	9	1752	t2_full
8pm4	1	604	t2_full
8pnw	1	278	t2_full
8ppj	2	532	t2_full
8ppp	2	998	t2_full
8pum	2	722	t2_full
8puq	2	285	t2_full
8q2m	1	63	t2_full
8q2v	2	328	t2_full
8q5a	1	276	t2_full
8qpn	1	607	t2_full
8qsm	1	464	t2_full
8r5z	3	658	t2_full
8r60	4	1704	t2_full
8r8y	1	152	t2_full
8ra3	1	152	t2_full
8rab	1	152	t2_full
8ri2	1	486	t2_full
8rxu	3	1485	t2_full
8sc6	1	447	t2_full
8sgt	3	918	t2_full
8skl	1	299	t2_full
8skn	2	671	t2_full
8slm	1	248	t2_full
8swy	3	724	t2_full
8szv	1	274	t2_full
8t0h	1	15	t2_full
8t1m	2	237	t2_full
8t69	1	386	t2_full
8t7j	4	1434	t2_full
8t8k	1	183	t2_full
8t9o	12	744	t2_full
8tbv	6	768	t2_full
8tdn	5	465	t2_full
8tfg	1	688	t2_full
8tmr	1	263	t2_full
8tou	2	638	t2_full
8tqa	5	803	t2_full
8twj	1	303	t2_full
8u23	8	1688	t2_full
8u4w	4	934	t2_full
8u6c	2	950	t2_full
8u6o	2	957	t2_full
8u6r	2	953	t2_full
8u97	1	201	t2_full
8uia	2	606	t2_full
8uqn	2	1069	t2_full
8v05	1	426	t2_full
8v1p	1	166	t2_full
8w45	2	232	t2_full
8w84	4	812	t2_full
8w9v	2	852	t2_full
8wd8	2	1500	t2_full
8wnf	1	904	t2_full
8wor	2	1294	t2_full
8wx2	2	880	t2_full
8wy5	4	1770	t2_full
8xbi	1	298	t2_full
8xpn	3	1015	t2_full
